{"cameraMode":{"drawMode":0,"name":"Shaded","section":"Shading Mode"},"sceneLighting":false,"audioPlay":false,"sceneViewState":{"showFog":false,"showMaterialUpdate":false,"showSkybox":false,"showFlares":false,"showImageEffects":false,"showParticleSystems":false},"in2DMode":false,"pivot":{"x":-1.3626623153686524,"y":18.462379455566408,"z":18.36455535888672},"rotation":{"x":-0.011958313174545765,"y":-0.9630152583122253,"z":0.2658984363079071,"w":-0.043434493243694308},"size":121.62715148925781,"orthographic":false}