{"cameraMode":{"drawMode":0,"name":"Shaded","section":"Shading Mode"},"sceneLighting":false,"audioPlay":false,"sceneViewState":{"showFog":false,"showMaterialUpdate":false,"showSkybox":false,"showFlares":false,"showImageEffects":false,"showParticleSystems":false},"in2DMode":false,"pivot":{"x":-51.27227783203125,"y":8.42557430267334,"z":-39.411277770996097},"rotation":{"x":0.2350783497095108,"y":-0.5240015983581543,"z":0.1531771421432495,"w":0.8041752576828003},"size":38.84531021118164,"orthographic":false}