{"cameraMode":{"drawMode":0,"name":"Shaded","section":"Shading Mode"},"sceneLighting":true,"audioPlay":false,"sceneViewState":{"showFog":false,"showMaterialUpdate":false,"showSkybox":false,"showFlares":false,"showImageEffects":false,"showParticleSystems":false},"in2DMode":false,"pivot":{"x":-183.8056182861328,"y":-71.0856704711914,"z":-64.614990234375},"rotation":{"x":0.06823176890611649,"y":-0.8801265954971314,"z":0.13329724967479707,"w":0.45051783323287966},"size":262.813232421875,"orthographic":false}