{"cameraMode":{"drawMode":0,"name":"Shaded","section":"Shading Mode"},"sceneLighting":false,"audioPlay":false,"sceneViewState":{"showFog":false,"showMaterialUpdate":false,"showSkybox":false,"showFlares":false,"showImageEffects":false,"showParticleSystems":false},"in2DMode":false,"pivot":{"x":-62.1500244140625,"y":276.7025146484375,"z":-321.6409606933594},"rotation":{"x":0.08279488980770111,"y":-0.643974244594574,"z":0.07041161507368088,"w":0.7573263645172119},"size":2438.145751953125,"orthographic":false}