{"cameraMode":{"drawMode":0,"name":"Shaded","section":"Shading Mode"},"sceneLighting":true,"audioPlay":false,"sceneViewState":{"showFog":false,"showMaterialUpdate":false,"showSkybox":false,"showFlares":false,"showImageEffects":false,"showParticleSystems":false},"in2DMode":false,"pivot":{"x":-206.42881774902345,"y":-200.18846130371095,"z":-471.78802490234377},"rotation":{"x":-0.031281739473342898,"y":0.9685530662536621,"z":-0.16516071557998658,"w":-0.1834670454263687},"size":629.7862548828125,"orthographic":false}