{"cameraMode":{"drawMode":0,"name":"Shaded","section":"Shading Mode"},"sceneLighting":true,"audioPlay":false,"sceneViewState":{"showFog":false,"showMaterialUpdate":false,"showSkybox":false,"showFlares":false,"showImageEffects":false,"showParticleSystems":false},"in2DMode":false,"pivot":{"x":1.3240947723388672,"y":11.171463012695313,"z":-30.917551040649415},"rotation":{"x":-0.0400221012532711,"y":0.8692331910133362,"z":-0.07134828716516495,"w":-0.4875876009464264},"size":12.096561431884766,"orthographic":false}