{"cameraMode":{"drawMode":0,"name":"Shaded","section":"Shading Mode"},"sceneLighting":false,"audioPlay":false,"sceneViewState":{"showFog":false,"showMaterialUpdate":false,"showSkybox":false,"showFlares":false,"showImageEffects":false,"showParticleSystems":false},"in2DMode":false,"pivot":{"x":-251.5333251953125,"y":-118.39845275878906,"z":-83.0081558227539},"rotation":{"x":0.09196580201387406,"y":-0.8557224273681641,"z":0.163151353597641,"w":0.4823594391345978},"size":345.856201171875,"orthographic":false}