{"cameraMode":{"drawMode":0,"name":"Shaded","section":"Shading Mode"},"sceneLighting":true,"audioPlay":false,"sceneViewState":{"showFog":false,"showMaterialUpdate":false,"showSkybox":false,"showFlares":false,"showImageEffects":false,"showParticleSystems":false},"in2DMode":false,"pivot":{"x":46.494625091552737,"y":26.017154693603517,"z":-20.66168975830078},"rotation":{"x":-0.06975781917572022,"y":0.722089409828186,"z":0.07377144694328308,"w":0.6844978332519531},"size":68.90641021728516,"orthographic":false}