{"cameraMode":{"drawMode":0,"name":"Shaded","section":"Shading Mode"},"sceneLighting":false,"audioPlay":false,"sceneViewState":{"showFog":false,"showMaterialUpdate":false,"showSkybox":false,"showFlares":false,"showImageEffects":false,"showParticleSystems":false},"in2DMode":false,"pivot":{"x":-267.5047912597656,"y":-27.118526458740236,"z":-171.4402618408203},"rotation":{"x":-0.06161125749349594,"y":0.8660523295402527,"z":-0.11055310815572739,"w":-0.48375314474105837},"size":328.9343566894531,"orthographic":false}