{"cameraMode":{"drawMode":0,"name":"Shaded","section":"Shading Mode"},"sceneLighting":false,"audioPlay":false,"sceneViewState":{"showFog":false,"showMaterialUpdate":false,"showSkybox":false,"showFlares":false,"showImageEffects":false,"showParticleSystems":false},"in2DMode":false,"pivot":{"x":340.6849060058594,"y":-168.38803100585938,"z":56.54166793823242},"rotation":{"x":0.18011118471622468,"y":0.622022807598114,"z":-0.14971749484539033,"w":0.7472121119499207},"size":400.1037292480469,"orthographic":false}