{"cameraMode":{"drawMode":0,"name":"Shaded","section":"Shading Mode"},"sceneLighting":true,"audioPlay":false,"sceneViewState":{"showFog":false,"showMaterialUpdate":false,"showSkybox":false,"showFlares":false,"showImageEffects":false,"showParticleSystems":false},"in2DMode":false,"pivot":{"x":1.7999999523162842,"y":-13.600000381469727,"z":26.200000762939454},"rotation":{"x":-0.014860812574625016,"y":0.9847615361213684,"z":-0.13708434998989106,"w":-0.10732439160346985},"size":75.37120056152344,"orthographic":false}