{"cameraMode":{"drawMode":0,"name":"Shaded","section":"Shading Mode"},"sceneLighting":true,"audioPlay":false,"sceneViewState":{"showFog":false,"showMaterialUpdate":false,"showSkybox":false,"showFlares":false,"showImageEffects":false,"showParticleSystems":false},"in2DMode":false,"pivot":{"x":-1.2619719505310059,"y":1.3863238096237183,"z":1.8935903310775757},"rotation":{"x":-0.1448732614517212,"y":0.8515567183494568,"z":-0.39602839946746828,"w":-0.3115164637565613},"size":31.38467788696289,"orthographic":false}