{"cameraMode":{"drawMode":0,"name":"Shaded","section":"Shading Mode"},"sceneLighting":true,"audioPlay":false,"sceneViewState":{"showFog":false,"showMaterialUpdate":false,"showSkybox":false,"showFlares":false,"showImageEffects":false,"showParticleSystems":false},"in2DMode":false,"pivot":{"x":-21.691761016845704,"y":-2.8569211959838869,"z":44.32676696777344},"rotation":{"x":-0.024643506854772569,"y":0.9636276364326477,"z":-0.24843184649944306,"w":-0.09573692828416825},"size":22.850618362426759,"orthographic":false}