{"cameraMode":{"drawMode":0,"name":"Shaded","section":"Shading Mode"},"sceneLighting":true,"audioPlay":false,"sceneViewState":{"showFog":false,"showMaterialUpdate":false,"showSkybox":false,"showFlares":false,"showImageEffects":false,"showParticleSystems":false},"in2DMode":false,"pivot":{"x":-1.2619719505310059,"y":1.3863238096237183,"z":1.8935903310775757},"rotation":{"x":-0.09745628386735916,"y":0.9010456800460815,"z":-0.27016952633857729,"w":-0.3250300884246826},"size":151.4344482421875,"orthographic":false}