{"cameraMode":{"drawMode":0,"name":"Shaded","section":"Shading Mode"},"sceneLighting":true,"audioPlay":false,"sceneViewState":{"showFog":false,"showMaterialUpdate":false,"showSkybox":false,"showFlares":false,"showImageEffects":false,"showParticleSystems":false},"in2DMode":false,"pivot":{"x":5.214317321777344,"y":-13.540153503417969,"z":-77.25743865966797},"rotation":{"x":0.06165856495499611,"y":0.9373725056648254,"z":-0.26578301191329958,"w":0.21714827418327332},"size":89.55236053466797,"orthographic":false}