{"cameraMode":{"drawMode":0,"name":"Shaded","section":"Shading Mode"},"sceneLighting":false,"audioPlay":false,"sceneViewState":{"showFog":false,"showMaterialUpdate":false,"showSkybox":false,"showFlares":false,"showImageEffects":false,"showParticleSystems":false},"in2DMode":false,"pivot":{"x":14.899999618530274,"y":2.989999771118164,"z":77.91999816894531},"rotation":{"x":0.016128238290548326,"y":0.9709581136703491,"z":-0.06795523315668106,"w":0.22899095714092256},"size":11.820415496826172,"orthographic":false}