{"cameraMode":{"drawMode":0,"name":"Shaded","section":"Shading Mode"},"sceneLighting":true,"audioPlay":false,"sceneViewState":{"showFog":false,"showMaterialUpdate":false,"showSkybox":false,"showFlares":false,"showImageEffects":false,"showParticleSystems":false},"in2DMode":false,"pivot":{"x":11.298489570617676,"y":-6.879072189331055,"z":-43.65045166015625},"rotation":{"x":-0.020396048203110696,"y":-0.9681829214096069,"z":0.2356974333524704,"w":-0.08326945453882218},"size":90.74327087402344,"orthographic":false}