{"cameraMode":{"drawMode":0,"name":"Shaded","section":"Shading Mode"},"sceneLighting":false,"audioPlay":false,"sceneViewState":{"showFog":false,"showMaterialUpdate":false,"showSkybox":false,"showFlares":false,"showImageEffects":false,"showParticleSystems":false},"in2DMode":false,"pivot":{"x":5.804337978363037,"y":1.160165786743164,"z":-3.576932430267334},"rotation":{"x":0.08279488980770111,"y":-0.643974244594574,"z":0.07041161507368088,"w":0.7573263645172119},"size":75.10101318359375,"orthographic":false}