{"cameraMode":{"drawMode":0,"name":"Shaded","section":"Shading Mode"},"sceneLighting":true,"audioPlay":false,"sceneViewState":{"showFog":false,"showMaterialUpdate":false,"showSkybox":false,"showFlares":false,"showImageEffects":false,"showParticleSystems":false},"in2DMode":false,"pivot":{"x":-3.9454593658447267,"y":5.225973129272461,"z":-38.17748260498047},"rotation":{"x":-0.08846981823444367,"y":0.9091657996177673,"z":-0.2504549026489258,"w":-0.32117149233818056},"size":73.84521484375,"orthographic":false}