{"cameraMode":{"drawMode":0,"name":"Shaded","section":"Shading Mode"},"sceneLighting":true,"audioPlay":false,"sceneViewState":{"showFog":false,"showMaterialUpdate":false,"showSkybox":false,"showFlares":false,"showImageEffects":false,"showParticleSystems":false},"in2DMode":false,"pivot":{"x":-14.834300994873047,"y":-10.505373001098633,"z":60.19794464111328},"rotation":{"x":0.14725293219089509,"y":0.824465274810791,"z":-0.4861636459827423,"w":0.24957965314388276},"size":56.5261116027832,"orthographic":false}