{"cameraMode":{"drawMode":0,"name":"Shaded","section":"Shading Mode"},"sceneLighting":false,"audioPlay":false,"sceneViewState":{"showFog":false,"showMaterialUpdate":false,"showSkybox":false,"showFlares":false,"showImageEffects":false,"showParticleSystems":false},"in2DMode":false,"pivot":{"x":-0.3541416823863983,"y":-0.6327505111694336,"z":69.2152328491211},"rotation":{"x":0.042909570038318637,"y":-0.8734725713729858,"z":0.07829258590936661,"w":0.4786522388458252},"size":26.235408782958986,"orthographic":false}