{"cameraMode":{"drawMode":0,"name":"Shaded","section":"Shading Mode"},"sceneLighting":false,"audioPlay":false,"sceneViewState":{"showFog":false,"showMaterialUpdate":false,"showSkybox":false,"showFlares":false,"showImageEffects":false,"showParticleSystems":false},"in2DMode":false,"pivot":{"x":-5.002201080322266,"y":4.685583591461182,"z":37.45933532714844},"rotation":{"x":-0.014686201699078083,"y":-0.9575725197792053,"z":0.04975447431206703,"w":-0.283689945936203},"size":25.105653762817384,"orthographic":false}