{"cameraMode":{"drawMode":0,"name":"Shaded","section":"Shading Mode"},"sceneLighting":false,"audioPlay":false,"sceneViewState":{"showFog":false,"showMaterialUpdate":false,"showSkybox":false,"showFlares":false,"showImageEffects":false,"showParticleSystems":false},"in2DMode":false,"pivot":{"x":6.612644195556641,"y":55.7596549987793,"z":-1.91583251953125},"rotation":{"x":-0.0795707255601883,"y":0.8776209354400635,"z":-0.15641841292381288,"w":-0.44620829820632937},"size":40.390830993652347,"orthographic":false}