{"cameraMode":{"drawMode":0,"name":"Shaded","section":"Shading Mode"},"sceneLighting":true,"audioPlay":false,"sceneViewState":{"showFog":false,"showMaterialUpdate":false,"showSkybox":false,"showFlares":false,"showImageEffects":false,"showParticleSystems":false},"in2DMode":false,"pivot":{"x":-183.8056182861328,"y":-71.0856704711914,"z":-64.614990234375},"rotation":{"x":0.07188693434000015,"y":-0.8820284008979797,"z":0.14307454228401185,"w":0.4431745707988739},"size":258.9333801269531,"orthographic":false}