{"cameraMode":{"drawMode":0,"name":"Shaded","section":"Shading Mode"},"sceneLighting":true,"audioPlay":false,"sceneViewState":{"showFog":false,"showMaterialUpdate":false,"showSkybox":false,"showFlares":false,"showImageEffects":false,"showParticleSystems":false},"in2DMode":false,"pivot":{"x":-16.71872329711914,"y":3.1788644790649416,"z":-22.90025520324707},"rotation":{"x":-0.034443315118551257,"y":0.9654628038406372,"z":-0.1910022646188736,"w":-0.17419970035552979},"size":42.071533203125,"orthographic":false}