{"cameraMode":{"drawMode":0,"name":"Shaded","section":"Shading Mode"},"sceneLighting":false,"audioPlay":false,"sceneViewState":{"showFog":false,"showMaterialUpdate":false,"showSkybox":false,"showFlares":false,"showImageEffects":false,"showParticleSystems":false},"in2DMode":false,"pivot":{"x":-5.043060302734375,"y":-19.817106246948243,"z":76.96497344970703},"rotation":{"x":0.2168288230895996,"y":-0.7585862874984741,"z":0.3099541664123535,"w":0.5306550860404968},"size":47.43294143676758,"orthographic":false}