{"cameraMode":{"drawMode":0,"name":"Shaded","section":"Shading Mode"},"sceneLighting":true,"audioPlay":false,"sceneViewState":{"showFog":false,"showMaterialUpdate":false,"showSkybox":false,"showFlares":false,"showImageEffects":false,"showParticleSystems":false},"in2DMode":false,"pivot":{"x":-51.02051544189453,"y":-1.0235676765441895,"z":0.38468170166015627},"rotation":{"x":-0.008343846537172795,"y":0.976388692855835,"z":-0.03840595483779907,"w":-0.21271933615207673},"size":81.8184585571289,"orthographic":false}