{"cameraMode":{"drawMode":0,"name":"Shaded","section":"Shading Mode"},"sceneLighting":false,"audioPlay":false,"sceneViewState":{"showFog":false,"showMaterialUpdate":false,"showSkybox":false,"showFlares":false,"showImageEffects":false,"showParticleSystems":false},"in2DMode":false,"pivot":{"x":6.525691986083984,"y":1.073664665222168,"z":69.60358428955078},"rotation":{"x":0.030049273744225503,"y":-0.9474976062774658,"z":0.09353190660476685,"w":0.3043419420719147},"size":26.235408782958986,"orthographic":false}