{"cameraMode":{"drawMode":0,"name":"Shaded","section":"Shading Mode"},"sceneLighting":false,"audioPlay":false,"sceneViewState":{"showFog":false,"showMaterialUpdate":false,"showSkybox":false,"showFlares":false,"showImageEffects":false,"showParticleSystems":false},"in2DMode":false,"pivot":{"x":-255.1563720703125,"y":-102.36442565917969,"z":52.162818908691409},"rotation":{"x":-0.13025173544883729,"y":0.7288303971290588,"z":-0.14464905858039857,"w":-0.6564710736274719},"size":301.21502685546877,"orthographic":false}