{"cameraMode":{"drawMode":0,"name":"Shaded","section":"Shading Mode"},"sceneLighting":true,"audioPlay":false,"sceneViewState":{"showFog":false,"showMaterialUpdate":false,"showSkybox":false,"showFlares":false,"showImageEffects":false,"showParticleSystems":false},"in2DMode":false,"pivot":{"x":-459.58648681640627,"y":44.37445068359375,"z":-301.411376953125},"rotation":{"x":0.01342601329088211,"y":0.8981946110725403,"z":0.027494553476572038,"w":-0.43854549527168276},"size":613.5056762695313,"orthographic":false}