{"cameraMode":{"drawMode":0,"name":"Shaded","section":"Shading Mode"},"sceneLighting":true,"audioPlay":false,"sceneViewState":{"showFog":true,"showMaterialUpdate":false,"showSkybox":true,"showFlares":true,"showImageEffects":true,"showParticleSystems":true},"in2DMode":false,"pivot":{"x":-12.106985092163086,"y":65.63884735107422,"z":-11.244327545166016},"rotation":{"x":-0.0017541736597195268,"y":-0.8733266592025757,"z":-0.003145537804812193,"w":0.487123966217041},"size":207.17445373535157,"orthographic":true}