{"cameraMode":{"drawMode":0,"name":"Shaded","section":"Shading Mode"},"sceneLighting":true,"audioPlay":false,"sceneViewState":{"showFog":true,"showMaterialUpdate":false,"showSkybox":true,"showFlares":true,"showImageEffects":true,"showParticleSystems":true},"in2DMode":false,"pivot":{"x":-18.225757598876954,"y":-18.35940170288086,"z":-92.56936645507813},"rotation":{"x":-0.0029974104836583139,"y":0.9969901442527771,"z":-0.06320217996835709,"w":-0.04608609899878502},"size":215.73301696777345,"orthographic":false}