{"cameraMode":{"drawMode":0,"name":"Shaded","section":"Shading Mode"},"sceneLighting":true,"audioPlay":false,"sceneViewState":{"showFog":true,"showMaterialUpdate":false,"showSkybox":true,"showFlares":true,"showImageEffects":true,"showParticleSystems":true},"in2DMode":false,"pivot":{"x":-57.238975524902347,"y":-80.93020629882813,"z":-108.81939697265625},"rotation":{"x":0.028416704386472703,"y":-0.9711129665374756,"z":0.18213599920272828,"w":0.15153710544109345},"size":254.08184814453126,"orthographic":false}