{"cameraMode":{"drawMode":0,"name":"Shaded","section":"Shading Mode"},"sceneLighting":true,"audioPlay":false,"sceneViewState":{"showFog":true,"showMaterialUpdate":false,"showSkybox":true,"showFlares":true,"showImageEffects":true,"showParticleSystems":true},"in2DMode":false,"pivot":{"x":-3.693873643875122,"y":9.299817085266114,"z":-26.915952682495118},"rotation":{"x":0.10479706525802612,"y":-0.7824770212173462,"z":0.13705682754516602,"w":0.5983028411865234},"size":97.10308837890625,"orthographic":true}