{"cameraMode":{"drawMode":0,"name":"Shaded","section":"Shading Mode"},"sceneLighting":true,"audioPlay":false,"sceneViewState":{"showFog":true,"showMaterialUpdate":false,"showSkybox":true,"showFlares":true,"showImageEffects":true,"showParticleSystems":true},"in2DMode":false,"pivot":{"x":34.58849334716797,"y":-43.90459442138672,"z":-148.96038818359376},"rotation":{"x":0.01185352448374033,"y":0.9879358410835266,"z":-0.11944177001714707,"w":0.09843320399522782},"size":223.750732421875,"orthographic":false}