{"cameraMode":{"drawMode":0,"name":"Shaded","section":"Shading Mode"},"sceneLighting":true,"audioPlay":false,"sceneViewState":{"showFog":true,"showMaterialUpdate":false,"showSkybox":true,"showFlares":true,"showImageEffects":true,"showParticleSystems":true},"in2DMode":false,"pivot":{"x":-9.999393463134766,"y":-43.04094696044922,"z":-73.050048828125},"rotation":{"x":-0.019823914393782617,"y":0.978630542755127,"z":-0.17081570625305177,"w":-0.11322679370641709},"size":234.29396057128907,"orthographic":false}