{"cameraMode":{"drawMode":0,"name":"Shaded","section":"Shading Mode"},"sceneLighting":true,"audioPlay":false,"sceneViewState":{"showFog":true,"showMaterialUpdate":false,"showSkybox":true,"showFlares":true,"showImageEffects":true,"showParticleSystems":true},"in2DMode":false,"pivot":{"x":4.605794906616211,"y":-6.729809761047363,"z":3.150623321533203},"rotation":{"x":-0.002227609045803547,"y":-0.9936485886573792,"z":0.11074938625097275,"w":-0.019976552575826646},"size":102.41971588134766,"orthographic":false}