{"cameraMode":{"drawMode":0,"name":"Shaded","section":"Shading Mode"},"sceneLighting":true,"audioPlay":false,"sceneViewState":{"showFog":true,"showMaterialUpdate":false,"showSkybox":true,"showFlares":true,"showImageEffects":true,"showParticleSystems":true},"in2DMode":false,"pivot":{"x":2.168269157409668,"y":3.1819229125976564,"z":33.63580322265625},"rotation":{"x":0.018976476043462755,"y":-0.9788103699684143,"z":0.17356595396995545,"w":0.10701403021812439},"size":10.026824951171875,"orthographic":false}