{"cameraMode":{"drawMode":0,"name":"Shaded","section":"Shading Mode"},"sceneLighting":true,"audioPlay":false,"sceneViewState":{"showFog":true,"showMaterialUpdate":false,"showSkybox":true,"showFlares":true,"showImageEffects":true,"showParticleSystems":true},"in2DMode":false,"pivot":{"x":-35.54269790649414,"y":-18.41777992248535,"z":-15.219062805175782},"rotation":{"x":-0.029149025678634645,"y":0.9618340730667114,"z":-0.11335303634405136,"w":-0.24733808636665345},"size":122.67657470703125,"orthographic":false}